t,u,theta,phi
0,0,0,0
0.01,0,-0.0003022797,-0.000143528
0.02,0,-0.0004037363,-0.000143528
0.03,0,-0.0003566294,-0.000143528
0.04,0,-0.000142742,-0.000143528
0.05,0,0.0002298134,-0.000143528
0.06,0,0.0002407732,-0.000143528
0.07,0,0.0001034683,-0.000143528
0.08,0,-0.0003465848,-0.000143528
0.09,0,-0.000165779,-0.000143528
0.1,0,-5.403441e-05,-0.000143528
0.11,0,0.0001497027,-0.000143528
0.12,0,3.815167e-05,-0.000143528
0.13,0,-0.0001975022,-0.000143528
0.14,0,-0.0002331148,-0.000143528
0.15,0,-0.0001358159,-0.000143528
0.16,0,-8.5926e-05,-0.000143528
0.17,0,-0.0001820716,-0.000143528
0.18,0,-0.0001974055,-0.000143528
0.19,0,-0.0001798143,-0.000143528
0.2,0,-0.0001899496,-0.000143528
0.21,0,-0.0001813054,-0.000143528
0.22,0,-0.0001715333,-0.000143528
0.23,0,-0.0001080173,-0.000143528
0.24,0,-0.0001387958,-0.000143528
0.25,0,-0.0001668168,-0.000143528
0.26,0,-0.0002393204,-0.000143528
0.27,0,-0.0001399807,-0.000143528
0.28,0,-0.0001348882,-0.000143528
0.29,0,-0.0002255977,-0.000143528
0.3,0,-0.0002539976,-0.000143528
0.31,0,-0.0002183036,-0.000143528
0.32,0,-0.0002061519,-0.000143528
0.33,0,-0.0002068181,-0.000143528
0.34,0,-0.0002017008,-0.000143528
0.35,0,-0.0001817512,-0.000143528
0.36,0,-0.0002378543,-0.000143528
0.37,0,-0.0002876114,-0.000143528
0.38,0,-0.0002935794,-0.000143528
0.39,0,-0.0003388967,0.004718542
0.4,0,-0.000378921,-0.000143528
0.41,0,-0.0003233787,-0.000143528
0.42,0,-0.0003948205,-0.000143528
0.43,0,-0.0003438204,-0.000143528
0.44,0,-0.0003741839,-0.000143528
0.45,0,-0.0003925996,-0.000143528
0.46,0,-0.0003639034,-0.000143528
0.47,0,-0.0003483872,-0.000143528
0.48,0,-0.0003145767,-0.000143528
0.49,0,-0.000329603,-0.000143528
0.5,0,-0.0002309696,-0.000143528
0.51,0,-0.000239084,-0.000143528
0.52,0,-0.000271875,-0.000143528
0.53,0,-0.0002987526,0.004718542
0.54,0,-0.0001883511,-0.000143528
0.55,0,-0.0001304562,-0.000143528
0.56,0,-0.0001972631,-0.000143528
0.57,0,-0.0002827846,-0.000143528
0.58,0,-0.0002489466,-0.000143528
0.59,0,-0.0002544661,-0.000143528
0.6,0,-0.0003279498,-0.000143528
0.61,0,-0.0003332061,-0.000143528
0.62,0,-0.0003004569,-0.000143528
0.63,0,-0.0002987931,0.004718542
0.64,0,-0.0002351456,0.004718542
0.65,0,-0.0001142704,-0.005006075
0.66,0,-0.0001093285,-0.000143528
0.67,0,-0.000119087,-0.000143528
0.68,0,-0.0001259428,-0.000143528
0.69,0,-9.387145e-05,-0.000143528
0.7,0,-0.0001061474,-0.000143528
0.71,0,-0.0002237391,-0.000143528
0.72,0,-0.0002965209,-0.000143528
0.73,0,-0.0002897833,-0.000143528
0.74,0,-0.0002997227,-0.000143528
0.75,0,-0.0002794511,-0.000143528
0.76,0,-0.0002835802,-0.000143528
0.77,0,-0.000316018,-0.000143528
0.78,0,-0.0002843723,-0.000143528
0.79,0,-0.0002396926,-0.000143528
0.8,0,-0.000212339,-0.000143528
0.81,0,-0.0002190326,-0.000143528
0.82,0,-0.0001624346,-0.000143528
0.83,0,-9.51881e-05,-0.000143528
0.84,0,-0.0001028515,-0.005006075
0.85,0,-0.000175851,-0.000143528
0.86,0,-0.0001644763,-0.000143528
0.87,0,-0.0001006849,-0.000143528
0.88,0,-0.0001241807,-0.005006075
0.89,0,-0.0001499332,-0.000143528
0.9,0,-0.000186266,-0.000143528
0.91,0,-0.0001637662,-0.000143528
0.92,0,-0.0001744546,-0.000143528
0.93,0,-0.0001573913,-0.000143528
0.94,0,-0.0001594853,-0.000143528
0.95,0,-0.0001295014,-0.000143528
0.96,0,-0.0001329477,-0.000143528
0.97,0,-0.0001393949,-0.000143528
0.98,0,-0.0001316996,-0.000143528
0.99,0,-6.370511e-05,-0.000143528
1,0,-4.025234e-06,-0.000143528
1.01,-0.5235988,-2.780072e-05,-0.000143528
1.02,-0.5235988,-6.177722e-05,0.03875518
1.03,-0.5235988,-0.003423262,0.03389287
1.04,-0.5235988,-0.02400176,0.03875518
1.05,-0.5235988,-0.04072186,0.06306696
1.06,-0.5235988,-0.03440472,0.08737898
1.07,-0.5235988,0.002696452,0.1165533
1.08,-0.5235988,0.0402757,0.1457272
1.09,-0.5235988,0.05654204,0.1700392
1.1,-0.5235988,0.05517242,0.2089379
1.11,-0.5235988,0.07232748,0.2478371
1.12,-0.5235988,0.1217084,0.2915981
1.13,-0.5235988,0.1662653,0.3256347
1.14,-0.5235988,0.195089,0.3499465
1.15,-0.5235988,0.2019522,0.3791208
1.16,-0.5235988,0.2145178,0.4180198
1.17,-0.5235988,0.236144,0.4520564
1.18,-0.5235988,0.263139,0.4715059
1.19,-0.5235988,0.2917106,0.4909551
1.2,-0.5235988,0.3186907,0.50068
1.21,-0.5235988,0.3310557,0.5104048
1.22,-0.5235988,0.3155922,0.5152671
1.23,-0.5235988,0.2965584,0.5201294
1.24,-0.5235988,0.2805654,0.5201294
1.25,-0.5235988,0.2662642,0.5249918
1.26,-0.5235988,0.2553108,0.5249918
1.27,-0.5235988,0.2247027,0.5249918
1.28,-0.5235988,0.1930751,0.5201294
1.29,-0.5235988,0.1706727,0.5201294
1.3,-0.5235988,0.1510047,0.5249918
1.31,-0.5235988,0.1137136,0.5249918
1.32,-0.5235988,0.08271429,0.5249918
1.33,-0.5235988,0.06069332,0.5201294
1.34,-0.5235988,0.03597071,0.5249918
1.35,-0.5235988,0.003130184,0.5201294
1.36,-0.5235988,-0.02426967,0.5201294
1.37,-0.5235988,-0.04731696,0.5249918
1.38,-0.5235988,-0.07450671,0.5249918
1.39,-0.5235988,-0.09397478,0.5249918
1.4,-0.5235988,-0.1162992,0.5249918
1.41,-0.5235988,-0.1449906,0.5201294
1.42,-0.5235988,-0.1730741,0.5249918
1.43,-0.5235988,-0.1871599,0.5201294
1.44,-0.5235988,-0.1997002,0.5249918
1.45,-0.5235988,-0.2154492,0.5249918
1.46,-0.5235988,-0.2396203,0.5249918
1.47,-0.5235988,-0.2576322,0.5249918
1.48,-0.5235988,-0.266986,0.5249918
1.49,-0.5235988,-0.2744528,0.5249918
1.5,-0.5235988,-0.2788363,0.5298541
1.51,-0.5235988,-0.2848473,0.5249918
1.52,-0.5235988,-0.2998037,0.5249918
1.53,-0.5235988,-0.3097154,0.5201294
1.54,-0.5235988,-0.3043,0.5249918
1.55,-0.5235988,-0.298329,0.5249918
1.56,-0.5235988,-0.2945898,0.5201294
1.57,-0.5235988,-0.298933,0.5249918
1.58,-0.5235988,-0.2989213,0.5249918
1.59,-0.5235988,-0.2883361,0.5249918
1.6,-0.5235988,-0.27403,0.5201294
1.61,-0.5235988,-0.259851,0.5249918
1.62,-0.5235988,-0.2488538,0.5249918
1.63,-0.5235988,-0.2408046,0.5249918
1.64,-0.5235988,-0.2266017,0.5249918
1.65,-0.5235988,-0.2073862,0.5249918
1.66,-0.5235988,-0.1857709,0.5249918
1.67,-0.5235988,-0.1645757,0.5249918
1.68,-0.5235988,-0.148026,0.5298541
1.69,-0.5235988,-0.1313734,0.5249918
1.7,-0.5235988,-0.1086969,0.5249918
1.71,-0.5235988,-0.08403422,0.5249918
1.72,-0.5235988,-0.06009877,0.5249918
1.73,-0.5235988,-0.03774095,0.5298541
1.74,-0.5235988,-0.01801462,0.5249918
1.75,-0.5235988,0.004000729,0.5249918
1.76,-0.5235988,0.02834026,0.5201294
1.77,-0.5235988,0.05241358,0.5201294
1.78,-0.5235988,0.07402443,0.5249918
1.79,-0.5235988,0.09403669,0.5249918
1.8,-0.5235988,0.1144323,0.5249918
1.81,-0.5235988,0.1355919,0.5249918
1.82,-0.5235988,0.1556671,0.5249918
1.83,-0.5235988,0.1743998,0.5249918
1.84,-0.5235988,0.1909567,0.5249918
1.85,-0.5235988,0.205574,0.5249918
1.86,-0.5235988,0.2203295,0.5249918
1.87,-0.5235988,0.2349788,0.5249918
1.88,-0.5235988,0.2477088,0.5201294
1.89,-0.5235988,0.2578449,0.5249918
1.9,-0.5235988,0.2665389,0.5249918
1.91,-0.5235988,0.2742836,0.5249918
1.92,-0.5235988,0.2808116,0.5201294
1.93,-0.5235988,0.2851743,0.5249918
1.94,-0.5235988,0.2876312,0.5249918
1.95,-0.5235988,0.2879416,0.5249918
1.96,-0.5235988,0.2871246,0.5201294
1.97,-0.5235988,0.2851656,0.5249918
1.98,-0.5235988,0.2816366,0.5249918
1.99,-0.5235988,0.2760429,0.5249918
2,-0.5235988,0.2685225,0.5249918
2.01,-0.5235988,0.2594762,0.5249918
2.02,-0.5235988,0.2497988,0.5249918
2.03,-0.5235988,0.2387929,0.5249918
2.04,-0.5235988,0.2260529,0.5249918
2.05,-0.5235988,0.2117134,0.5249918
2.06,-0.5235988,0.1957961,0.5249918
2.07,-0.5235988,0.1794146,0.5201294
2.08,-0.5235988,0.1624878,0.5249918
2.09,-0.5235988,0.1442749,0.5249918
2.1,-0.5235988,0.1249931,0.5201294
2.11,-0.5235988,0.1045229,0.5201294
2.12,-0.5235988,0.08393804,0.5249918
2.13,-0.5235988,0.06342385,0.5249918
2.14,-0.5235988,0.04266096,0.5249918
2.15,-0.5235988,0.02134455,0.5249918
2.16,-0.5235988,-0.0001201503,0.5249918
2.17,-0.5235988,-0.0225312,0.5249918
2.18,-0.5235988,-0.04352613,0.5249918
2.19,-0.5235988,-0.06386306,0.5249918
2.2,-0.5235988,-0.08388582,0.5249918
2.21,-0.5235988,-0.1043009,0.5249918
2.22,-0.5235988,-0.124201,0.5249918
2.23,-0.5235988,-0.1422053,0.5249918
2.24,-0.5235988,-0.1598676,0.5249918
2.25,-0.5235988,-0.176194,0.5249918
2.26,-0.5235988,-0.1916389,0.5249918
2.27,-0.5235988,-0.2069041,0.5249918
2.28,-0.5235988,-0.220679,0.5249918
2.29,-0.5235988,-0.2325559,0.5249918
2.3,-0.5235988,-0.2426976,0.5249918
2.31,-0.5235988,-0.2517838,0.5249918
2.32,-0.5235988,-0.2599555,0.5249918
2.33,-0.5235988,-0.266845,0.5249918
2.34,-0.5235988,-0.2719836,0.5249918
2.35,-0.5235988,-0.2747588,0.5249918
2.36,-0.5235988,-0.2758754,0.5249918
2.37,-0.5235988,-0.2755675,0.5249918
2.38,-0.5235988,-0.2743116,0.5249918
2.39,-0.5235988,-0.2716732,0.5201294
2.4,-0.5235988,-0.2668878,0.5249918
2.41,-0.5235988,-0.2601592,0.5249918
2.42,-0.5235988,-0.25227,0.5249918
2.43,-0.5235988,-0.2432856,0.5249918
2.44,-0.5235988,-0.2331799,0.5249918
2.45,-0.5235988,-0.2214719,0.5249918
2.46,-0.5235988,-0.2082939,0.5249918
2.47,-0.5235988,-0.1936607,0.5249918
2.48,-0.5235988,-0.1783273,0.5249918
2.49,-0.5235988,-0.1623145,0.5249918
2.5,-0.5235988,-0.145217,0.5249918
2.51,-0.5235988,-0.1271368,0.5249918
2.52,-0.5235988,-0.108253,0.5249918
2.53,-0.5235988,-0.08861087,0.5249918
2.54,-0.5235988,-0.0689237,0.5201294
2.55,-0.5235988,-0.04921965,0.5249918
2.56,-0.5235988,-0.02893278,0.5249918
2.57,-0.5235988,-0.008348594,0.5249918
2.58,-0.5235988,0.01211915,0.5249918
2.59,-0.5235988,0.03214575,0.5249918
2.6,-0.5235988,0.05207641,0.5249918
2.61,-0.5235988,0.07170931,0.5249918
2.62,-0.5235988,0.09093364,0.5249918
2.63,-0.5235988,0.1095145,0.5249918
2.64,-0.5235988,0.1273434,0.5249918
2.65,-0.5235988,0.14417,0.5249918
2.66,-0.5235988,0.1602513,0.5249918
2.67,-0.5235988,0.1754169,0.5201294
2.68,-0.5235988,0.1896856,0.5249918
2.69,-0.5235988,0.2026205,0.5201294
2.7,-0.5235988,0.2143294,0.5249918
2.71,-0.5235988,0.2249592,0.5249918
2.72,-0.5235988,0.2341602,0.5249918
2.73,-0.5235988,0.2421749,0.5249918
2.74,-0.5235988,0.2485746,0.5249918
2.75,-0.5235988,0.2535815,0.5249918
2.76,-0.5235988,0.2569866,0.5249918
2.77,-0.5235988,0.2589629,0.5249918
2.78,-0.5235988,0.2594756,0.5249918
2.79,-0.5235988,0.2586859,0.5249918
2.8,-0.5235988,0.2561156,0.5249918
2.81,-0.5235988,0.2523529,0.5249918
2.82,-0.5235988,0.2471325,0.5249918
2.83,-0.5235988,0.2404274,0.5201294
2.84,-0.5235988,0.2322457,0.5249918
2.85,-0.5235988,0.2227994,0.5249918
2.86,-0.5235988,0.212055,0.5298541
2.87,-0.5235988,0.200206,0.5249918
2.88,-0.5235988,0.1873988,0.5249918
2.89,-0.5235988,0.1734913,0.5249918
2.9,-0.5235988,0.1583972,0.5249918
2.91,-0.5235988,0.1425729,0.5249918
2.92,-0.5235988,0.1259946,0.5201294
2.93,-0.5235988,0.1087872,0.5201294
2.94,-0.5235988,0.09072654,0.5249918
2.95,-0.5235988,0.07241069,0.5249918
2.96,-0.5235988,0.05350851,0.5249918
2.97,-0.5235988,0.03444568,0.5249918
2.98,-0.5235988,0.01540889,0.5249918
2.99,-0.5235988,-0.003812465,0.5249918
3,-0.5235988,-0.02258329,0.5249918
3.01,-0.5235988,-0.04166225,0.5201294
3.02,-0.5235988,-0.06008271,0.5249918
3.03,-0.5235988,-0.07835737,0.5201294
3.04,-0.5235988,-0.09604592,0.5249918
3.05,-0.5235988,-0.113117,0.5249918
3.06,-0.5235988,-0.1293935,0.5249918
3.07,-0.5235988,-0.1450786,0.5249918
3.08,-0.5235988,-0.1599211,0.5201294
3.09,-0.5235988,-0.173519,0.5249918
3.1,-0.5235988,-0.1861401,0.5249918
3.11,-0.5235988,-0.1976882,0.5249918
3.12,-0.5235988,-0.2080669,0.5249918
3.13,-0.5235988,-0.2173754,0.5249918
3.14,-0.5235988,-0.2253152,0.5249918
3.15,-0.5235988,-0.2320316,0.5249918
3.16,-0.5235988,-0.237334,0.5201294
3.17,-0.5235988,-0.2410793,0.5249918
3.18,-0.5235988,-0.243488,0.5249918
3.19,-0.5235988,-0.2445839,0.5249918
3.2,-0.5235988,-0.2441645,0.5249918
3.21,-0.5235988,-0.2423884,0.5249918
3.22,-0.5235988,-0.239364,0.5249918
3.23,-0.5235988,-0.2347879,0.5249918
3.24,-0.5235988,-0.228843,0.5249918
3.25,-0.5235988,-0.2217087,0.5249918
3.26,-0.5235988,-0.2133312,0.5249918
3.27,-0.5235988,-0.2036873,0.5249918
3.28,-0.5235988,-0.1929149,0.5249918
3.29,-0.5235988,-0.1810449,0.5249918
3.3,-0.5235988,-0.1681076,0.5249918
3.31,-0.5235988,-0.1543655,0.5249918
3.32,-0.5235988,-0.1397353,0.5201294
3.33,-0.5235988,-0.1241946,0.5249918
3.34,-0.5235988,-0.1080041,0.5249918
3.35,-0.5235988,-0.09142905,0.5249918
3.36,-0.5235988,-0.07421955,0.5249918
3.37,-0.5235988,-0.05649828,0.5201294
3.38,-0.5235988,-0.03890148,0.5249918
3.39,-0.5235988,-0.02084828,0.5249918
3.4,-0.5235988,-0.002641083,0.5249918
3.41,-0.5235988,0.01539348,0.5249918
3.42,-0.5235988,0.03300531,0.5201294
3.43,-0.5235988,0.050721,0.5249918
3.44,-0.5235988,0.06793559,0.5249918
3.45,-0.5235988,0.08465404,0.5249918
3.46,-0.5235988,0.100815,0.5249918
3.47,-0.5235988,0.1164934,0.5249918
3.48,-0.5235988,0.1313766,0.5201294
3.49,-0.5235988,0.1454232,0.5249918
3.5,-0.5235988,0.1586815,0.5249918
3.51,-0.5235988,0.1709647,0.5249918
3.52,-0.5235988,0.1822447,0.5201294
3.53,-0.5235988,0.1923387,0.5201294
3.54,-0.5235988,0.2013764,0.5249918
3.55,-0.5235988,0.2093531,0.5249918
3.56,-0.5235988,0.2159521,0.5249918
3.57,-0.5235988,0.2212215,0.5249918
3.58,-0.5235988,0.2252224,0.5249918
3.59,-0.5235988,0.2279203,0.5249918
3.6,-0.5235988,0.2293907,0.5249918
3.61,-0.5235988,0.2295073,0.5201294
3.62,-0.5235988,0.2282423,0.5201294
3.63,-0.5235988,0.225682,0.5249918
3.64,-0.5235988,0.2218187,0.5249918
3.65,-0.5235988,0.2168539,0.5249918
3.66,-0.5235988,0.210511,0.5249918
3.67,-0.5235988,0.2030374,0.5249918
3.68,-0.5235988,0.1944329,0.5249918
3.69,-0.5235988,0.184619,0.5249918
3.7,-0.5235988,0.173926,0.5249918
3.71,-0.5235988,0.1620493,0.5201294
3.72,-0.5235988,0.1495211,0.5249918
3.73,-0.5235988,0.1361717,0.5249918
3.74,-0.5235988,0.1219409,0.5249918
3.75,-0.5235988,0.1070023,0.5201294
3.76,-0.5235988,0.09151909,0.5249918
3.77,-0.5235988,0.07560388,0.5249918
3.78,-0.5235988,0.05934136,0.5249918
3.79,-0.5235988,0.04261309,0.5249918
3.8,-0.5235988,0.02592591,0.5201294
3.81,-0.5235988,0.008831494,0.5249918
3.82,-0.5235988,-0.008117094,0.5201294
3.83,-0.5235988,-0.0247321,0.5249918
3.84,-0.5235988,-0.04135591,0.5201294
3.85,-0.5235988,-0.05768172,0.5249918
3.86,-0.5235988,-0.07358589,0.5249918
3.87,-0.5235988,-0.08894265,0.5249918
3.88,-0.5235988,-0.1038744,0.5249918
3.89,-0.5235988,-0.1179675,0.5249918
3.9,-0.5235988,-0.1314568,0.5249918
3.91,-0.5235988,-0.1440947,0.5249918
3.92,-0.5235988,-0.155932,0.5249918
3.93,-0.5235988,-0.1667623,0.5249918
3.94,-0.5235988,-0.1765973,0.5249918
3.95,-0.5235988,-0.1854582,0.5249918
3.96,-0.5235988,-0.1932868,0.5249918
3.97,-0.5235988,-0.2000286,0.5249918
3.98,-0.5235988,-0.205471,0.5249918
3.99,-0.5235988,-0.2096593,0.5249918
4,-0.5235988,-0.2126742,0.5201294
4.01,-0.5235988,-0.2144304,0.5249918
4.02,-0.5235988,-0.2150246,0.5249918
4.03,-0.5235988,-0.2142819,0.5249918
4.04,-0.5235988,-0.2121995,0.5249918
4.05,-0.5235988,-0.2089776,0.5201294
4.06,-0.5235988,-0.2046201,0.5201294
4.07,-0.5235988,-0.1991133,0.5249918
4.08,-0.5235988,-0.1925058,0.5249918
4.09,-0.5235988,-0.1846726,0.5249918
4.1,-0.5235988,-0.1757845,0.5249918
4.11,-0.5235988,-0.1659554,0.5249918
4.12,-0.5235988,-0.1551659,0.5201294
4.13,-0.5235988,-0.1435686,0.5249918
4.14,-0.5235988,-0.1311144,0.5249918
4.15,-0.5235988,-0.1179571,0.5201294
4.16,-0.5235988,-0.1040725,0.5249918
4.17,-0.5235988,-0.08957799,0.5249918
4.18,-0.5235988,-0.0748001,0.5249918
4.19,-0.5235988,-0.05948434,0.5249918
4.2,-0.5235988,-0.04375074,0.5249918
4.21,-0.5235988,-0.02799846,0.5249918
4.22,-0.5235988,-0.01197267,0.5249918
4.23,-0.5235988,0.003853875,0.5249918
4.24,-0.5235988,0.01992051,0.5249918
4.25,-0.5235988,0.03561486,0.5249918
4.26,-0.5235988,0.05111001,0.5249918
4.27,-0.5235988,0.06623743,0.5201294
4.28,-0.5235988,0.08075644,0.5201294
4.29,-0.5235988,0.09487839,0.5249918
4.3,-0.5235988,0.1083485,0.5249918
4.31,-0.5235988,0.1213696,0.5249918
4.32,-0.5235988,0.1333257,0.5201294
4.33,-0.5235988,0.1445676,0.5249918
4.34,-0.5235988,0.1550233,0.5201294
4.35,-0.5235988,0.1644779,0.5249918
4.36,-0.5235988,0.173109,0.5201294
4.37,-0.5235988,0.1805666,0.5249918
4.38,-0.5235988,0.186935,0.5201294
4.39,-0.5235988,0.1922675,0.5298541
4.4,-0.5235988,0.1965092,0.5249918
4.41,-0.5235988,0.199651,0.5249918
4.42,-0.5235988,0.2016278,0.5249918
4.43,-0.5235988,0.2022393,0.5249918
4.44,-0.5235988,0.2017249,0.5249918
4.45,-0.5235988,0.2001085,0.5249918
4.46,-0.5235988,0.197288,0.5249918
4.47,-0.5235988,0.1934675,0.5249918
4.48,-0.5235988,0.1886584,0.5249918
4.49,-0.5235988,0.1825549,0.5249918
4.5,-0.5235988,0.1754563,0.5249918
4.51,-0.5235988,0.1674056,0.5249918
4.52,-0.5235988,0.1585977,0.5249918
4.53,-0.5235988,0.1486911,0.5249918
4.54,-0.5235988,0.1381208,0.5249918
4.55,-0.5235988,0.1266969,0.5249918
4.56,-0.5235988,0.1146188,0.5249918
4.57,-0.5235988,0.1018536,0.5201294
4.58,-0.5235988,0.08861709,0.5201294
4.59,-0.5235988,0.07477448,0.5249918
4.6,-0.5235988,0.06051337,0.5249918
4.61,-0.5235988,0.04602616,0.5249918
4.62,-0.5235988,0.03151664,0.5201294
4.63,-0.5235988,0.01661386,0.5249918
4.64,-0.5235988,0.001841687,0.5249918
4.65,-0.5235988,-0.01291064,0.5249918
4.66,-0.5235988,-0.02766597,0.5249918
4.67,-0.5235988,-0.04209756,0.5201294
4.68,-0.5235988,-0.0561089,0.5249918
4.69,-0.5235988,-0.06993085,0.5249918
4.7,-0.5235988,-0.08333948,0.5249918
4.71,-0.5235988,-0.09605327,0.5201294
4.72,-0.5235988,-0.1082924,0.5249918
4.73,-0.5235988,-0.1198941,0.5249918
4.74,-0.5235988,-0.1307727,0.5249918
4.75,-0.5235988,-0.1407005,0.5249918
4.76,-0.5235988,-0.1498089,0.5201294
4.77,-0.5235988,-0.1581544,0.5249918
4.78,-0.5235988,-0.1654848,0.5249918
4.79,-0.5235988,-0.171884,0.5249918
4.8,-0.5235988,-0.1772123,0.5298541
4.81,-0.5235988,-0.1815806,0.5201294
4.82,-0.5235988,-0.1847788,0.5201294
4.83,-0.5235988,-0.1868374,0.5249918
4.84,-0.5235988,-0.1877884,0.5249918
4.85,-0.5235988,-0.1876131,0.5249918
4.86,-0.5235988,-0.1863611,0.5249918
4.87,-0.5235988,-0.1842371,0.5249918
4.88,-0.5235988,-0.1809906,0.5298541
4.89,-0.5235988,-0.1765115,0.5249918
4.9,-0.5235988,-0.1711485,0.5249918
4.91,-0.5235988,-0.164838,0.5249918
4.92,-0.5235988,-0.157621,0.5249918
4.93,-0.5235988,-0.1495553,0.5249918
4.94,-0.5235988,-0.1406423,0.5249918
4.95,-0.5235988,-0.1308551,0.5249918
4.96,-0.5235988,-0.1202663,0.5249918
4.97,-0.5235988,-0.1091696,0.5249918
4.98,-0.5235988,-0.0972522,0.5249918
4.99,-0.5235988,-0.08501421,0.5249918
5,-0.5235988,-0.07222468,0.5201294
5.01,-0.5235988,-0.05903544,0.5201294
5.02,-0.5235988,-0.04554009,0.5249918
5.03,-0.5235988,-0.03191475,0.5249918
5.04,-0.5235988,-0.01812972,0.5249918
5.05,-0.5235988,-0.004208446,0.5249918
5.06,-0.5235988,0.009765662,0.5249918
5.07,-0.5235988,0.02350092,0.5249918
5.08,-0.5235988,0.03696669,0.5249918
5.09,-0.5235988,0.05032274,0.5249918
5.1,-0.5235988,0.06337206,0.5201294
5.11,-0.5235988,0.07590524,0.5249918
5.12,-0.5235988,0.08785323,0.5201294
5.13,-0.5235988,0.0993505,0.5298541
5.14,-0.5235988,0.1101661,0.5249918
5.15,-0.5235988,0.1204978,0.5249918
5.16,-0.5235988,0.1299742,0.5249918
5.17,-0.5235988,0.1386935,0.5249918
5.18,-0.5235988,0.1465967,0.5249918
5.19,-0.5235988,0.1535929,0.5249918
5.2,-0.5235988,0.159608,0.5249918
5.21,-0.5235988,0.1647946,0.5249918
5.22,-0.5235988,0.1690011,0.5249918
5.23,-0.5235988,0.1722606,0.5249918
5.24,-0.5235988,0.1743791,0.5249918
5.25,-0.5235988,0.1754754,0.5249918
5.26,-0.5235988,0.1755336,0.5249918
5.27,-0.5235988,0.1747305,0.5249918
5.28,-0.5235988,0.1729171,0.5249918
5.29,-0.5235988,0.1701902,0.5249918
5.3,-0.5235988,0.166334,0.5249918
5.31,-0.5235988,0.1616277,0.5249918
5.32,-0.5235988,0.1560066,0.5249918
5.33,-0.5235988,0.1495364,0.5201294
5.34,-0.5235988,0.1422235,0.5249918
5.35,-0.5235988,0.1339758,0.5249918
5.36,-0.5235988,0.1249677,0.5249918
5.37,-0.5235988,0.1153695,0.5249918
5.38,-0.5235988,0.1052597,0.5249918
5.39,-0.5235988,0.09449966,0.5249918
5.4,-0.5235988,0.08325596,0.5249918
5.41,-0.5235988,0.07140034,0.5249918
5.42,-0.5235988,0.05922865,0.5249918
5.43,-0.5235988,0.04691835,0.5249918
5.44,-0.5235988,0.0343223,0.5249918
5.45,-0.5235988,0.02152064,0.5249918
5.46,-0.5235988,0.008677895,0.5249918
5.47,-0.5235988,-0.004270626,0.5201294
5.48,-0.5235988,-0.01693863,0.5249918
5.49,-0.5235988,-0.02966018,0.5249918
5.5,-0.5235988,-0.04220089,0.5249918
5.51,-0.5235988,-0.05425186,0.5298541
5.52,-0.5235988,-0.06600983,0.5249918
5.53,-0.5235988,-0.07735227,0.5249918
5.54,-0.5235988,-0.08823004,0.5249918
5.55,-0.5235988,-0.09856045,0.5249918
5.56,-0.5235988,-0.1083084,0.5201294
5.57,-0.5235988,-0.1174252,0.5201294
5.58,-0.5235988,-0.1257437,0.5249918
5.59,-0.5235988,-0.1333479,0.5249918
5.6,-0.5235988,-0.14019,0.5249918
5.61,-0.5235988,-0.1461655,0.5249918
5.62,-0.5235988,-0.151272,0.5201294
5.63,-0.5235988,-0.1554454,0.5249918
5.64,-0.5235988,-0.1586689,0.5249918
5.65,-0.5235988,-0.1609071,0.5249918
5.66,-0.5235988,-0.1622205,0.5201294
5.67,-0.5235988,-0.1626364,0.5249918
5.68,-0.5235988,-0.1621153,0.5249918
5.69,-0.5235988,-0.1607219,0.5249918
5.7,-0.5235988,-0.1583485,0.5249918
5.71,-0.5235988,-0.1549767,0.5249918
5.72,-0.5235988,-0.1507729,0.5249918
5.73,-0.5235988,-0.1457635,0.5249918
5.74,-0.5235988,-0.1397953,0.5249918
5.75,-0.5235988,-0.133263,0.5249918
5.76,-0.5235988,-0.1258095,0.5249918
5.77,-0.5235988,-0.1177112,0.5249918
5.78,-0.5235988,-0.1088426,0.5249918
5.79,-0.5235988,-0.09932545,0.5249918
5.8,-0.5235988,-0.08945551,0.5249918
5.81,-0.5235988,-0.07908951,0.5249918
5.82,-0.5235988,-0.0681576,0.5201294
5.83,-0.5235988,-0.05691681,0.5249918
5.84,-0.5235988,-0.04550741,0.5249918
5.85,-0.5235988,-0.03383552,0.5249918
5.86,-0.5235988,-0.02192021,0.5249918
5.87,-0.5235988,-0.009881659,0.5249918
5.88,-0.5235988,0.001956851,0.5249918
5.89,-0.5235988,0.01401243,0.5249918
5.9,-0.5235988,0.02573366,0.5249918
5.91,-0.5235988,0.03728351,0.5249918
5.92,-0.5235988,0.04862156,0.5249918
5.93,-0.5235988,0.05969376,0.5249918
5.94,-0.5235988,0.0702889,0.5249918
5.95,-0.5235988,0.08054386,0.5249918
5.96,-0.5235988,0.09022674,0.5249918
5.97,-0.5235988,0.09932226,0.5249918
5.98,-0.5235988,0.1078091,0.5249918
5.99,-0.5235988,0.1157133,0.5201294
6,-0.5235988,0.1228756,0.5249918
6.01,-0.5235988,0.1292782,0.5249918
6.02,-0.5235988,0.1348995,0.5249918
6.03,-0.5235988,0.139725,0.5249918
6.04,-0.5235988,0.1438187,0.5249918
6.05,-0.5235988,0.1469602,0.5249918
6.06,-0.5235988,0.1491706,0.5249918
6.07,-0.5235988,0.1506126,0.5298541
6.08,-0.5235988,0.1510912,0.5201294
6.09,-0.5235988,0.1507269,0.5249918
6.1,-0.5235988,0.1494646,0.5249918
6.11,-0.5235988,0.1473113,0.5249918
6.12,-0.5235988,0.1443968,0.5249918
6.13,-0.5235988,0.1406592,0.5249918
6.14,-0.5235988,0.1362389,0.5249918
6.15,-0.5235988,0.1309011,0.5249918
6.16,-0.5235988,0.1248528,0.5249918
6.17,-0.5235988,0.1180882,0.5249918
6.18,-0.5235988,0.110757,0.5249918
6.19,-0.5235988,0.102874,0.5249918
6.2,-0.5235988,0.09437408,0.5249918
6.21,-0.5235988,0.08543516,0.5249918
6.22,-0.5235988,0.07593389,0.5249918
6.23,-0.5235988,0.06596258,0.5201294
6.24,-0.5235988,0.05566351,0.5249918
6.25,-0.5235988,0.04523762,0.5201294
6.26,-0.5235988,0.03447884,0.5249918
6.27,-0.5235988,0.02357614,0.5201294
6.28,-0.5235988,0.01250559,0.5249918
6.29,-0.5235988,0.001521074,0.5249918
6.3,-0.5235988,-0.009513983,0.5249918
6.31,-0.5235988,-0.02039824,0.5249918
6.32,-0.5235988,-0.03123103,0.5201294
6.33,-0.5235988,-0.04170528,0.5249918
6.34,-0.5235988,-0.05191935,0.5249918
6.35,-0.5235988,-0.06191578,0.5249918
6.36,-0.5235988,-0.07137266,0.5249918
6.37,-0.5235988,-0.08043437,0.5249918
6.38,-0.5235988,-0.08883139,0.5249918
6.39,-0.5235988,-0.09679482,0.5201294
6.4,-0.5235988,-0.1041016,0.5249918
6.41,-0.5235988,-0.1108093,0.5249918
6.42,-0.5235988,-0.1167889,0.5249918
6.43,-0.5235988,-0.1220214,0.5249918
6.44,-0.5235988,-0.1266928,0.5249918
6.45,-0.5235988,-0.1306108,0.5249918
6.46,-0.5235988,-0.133747,0.5249918
6.47,-0.5235988,-0.1360211,0.5249918
6.48,-0.5235988,-0.1375529,0.5249918
6.49,-0.5235988,-0.1382196,0.5249918
6.5,-0.5235988,-0.1380673,0.5249918
6.51,-0.5235988,-0.1372586,0.5249918
6.52,-0.5235988,-0.1355004,0.5298541
6.53,-0.5235988,-0.133015,0.5249918
6.54,-0.5235988,-0.129806,0.5249918
6.55,-0.5235988,-0.1259681,0.5201294
6.56,-0.5235988,-0.1212087,0.5249918
6.57,-0.5235988,-0.1159012,0.5249918
6.58,-0.5235988,-0.1098867,0.5249918
6.59,-0.5235988,-0.1032195,0.5249918
6.6,-0.5235988,-0.09601494,0.5249918
6.61,-0.5235988,-0.08835578,0.5249918
6.62,-0.5235988,-0.08010117,0.5249918
6.63,-0.5235988,-0.07131604,0.5249918
6.64,-0.5235988,-0.06228155,0.5249918
6.65,-0.5235988,-0.05292029,0.5249918
6.66,-0.5235988,-0.04328297,0.5249918
6.67,-0.5235988,-0.03341432,0.5249918
6.68,-0.5235988,-0.02345205,0.5249918
6.69,-0.5235988,-0.01324437,0.5249918
6.7,-0.5235988,-0.003014387,0.5249918
6.71,-0.5235988,0.007018392,0.5201294
6.72,-0.5235988,0.0170856,0.5249918
6.73,-0.5235988,0.02696339,0.5249918
6.74,-0.5235988,0.03662274,0.5201294
6.75,-0.5235988,0.04604367,0.5249918
6.76,-0.5235988,0.0551266,0.5201294
6.77,-0.5235988,0.06398557,0.5249918
6.78,-0.5235988,0.07230996,0.5201294
6.79,-0.5235988,0.08016767,0.5249918
6.8,-0.5235988,0.08761962,0.5249918
6.81,-0.5235988,0.09449908,0.5201294
6.82,-0.5235988,0.1007744,0.5249918
6.83,-0.5235988,0.1064476,0.5201294
6.84,-0.5235988,0.1114804,0.5249918
6.85,-0.5235988,0.1157558,0.5298541
6.86,-0.5235988,0.1193746,0.5201294
6.87,-0.5235988,0.1223062,0.5249918
6.88,-0.5235988,0.1244822,0.5249918
6.89,-0.5235988,0.1259081,0.5249918
6.9,-0.5235988,0.1266218,0.5201294
6.91,-0.5235988,0.126531,0.5249918
6.92,-0.5235988,0.1256767,0.5249918
6.93,-0.5235988,0.1241719,0.5249918
6.94,-0.5235988,0.1220395,0.5249918
6.95,-0.5235988,0.119272,0.5201294
6.96,-0.5235988,0.115847,0.5249918
6.97,-0.5235988,0.1117136,0.5201294
6.98,-0.5235988,0.1068713,0.5249918
6.99,-0.5235988,0.1013971,0.5249918
7,-0.5235988,0.09545726,0.5201294
7.01,-0.5235988,0.08897707,0.5249918
7.02,-0.5235988,0.08210636,0.5249918
7.03,-0.5235988,0.07469437,0.5201294
7.04,-0.5235988,0.06693774,0.5249918
7.05,-0.5235988,0.05878998,0.5249918
7.06,-0.5235988,0.05033631,0.5249918
7.07,-0.5235988,0.04161776,0.5249918
7.08,-0.5235988,0.03260255,0.5249918
7.09,-0.5235988,0.02350786,0.5249918
7.1,-0.5235988,0.014313,0.5249918
7.11,-0.5235988,0.005092509,0.5249918
7.12,-0.5235988,-0.004155043,0.5249918
7.13,-0.5235988,-0.01332952,0.5249918
7.14,-0.5235988,-0.02251067,0.5249918
7.15,-0.5235988,-0.03139708,0.5249918
7.16,-0.5235988,-0.04001584,0.5249918
7.17,-0.5235988,-0.04836952,0.5249918
7.18,-0.5235988,-0.05645778,0.5249918
7.19,-0.5235988,-0.06418312,0.5249918
7.2,-0.5235988,-0.07143828,0.5249918
7.21,-0.5235988,-0.07818517,0.5249918
7.22,-0.5235988,-0.08443317,0.5249918
7.23,-0.5235988,-0.09015574,0.5249918
7.24,-0.5235988,-0.0955792,0.5249918
7.25,-0.5235988,-0.1002392,0.5298541
7.26,-0.5235988,-0.1042063,0.5249918
7.27,-0.5235988,-0.107543,0.5249918
7.28,-0.5235988,-0.1102788,0.5249918
7.29,-0.5235988,-0.1123968,0.5249918
7.3,-0.5235988,-0.1138565,0.5249918
7.31,-0.5235988,-0.1146366,0.5249918
7.32,-0.5235988,-0.1146954,0.5249918
7.33,-0.5235988,-0.1142322,0.5249918
7.34,-0.5235988,-0.1131343,0.5249918
7.35,-0.5235988,-0.1114016,0.5249918
7.36,-0.5235988,-0.1090746,0.5249918
7.37,-0.5235988,-0.1059145,0.5249918
7.38,-0.5235988,-0.1021106,0.5201294
7.39,-0.5235988,-0.0978267,0.5249918
7.4,-0.5235988,-0.09309646,0.5249918
7.41,-0.5235988,-0.08784204,0.5249918
7.42,-0.5235988,-0.08204745,0.5249918
7.43,-0.5235988,-0.07575482,0.5201294
7.44,-0.5235988,-0.0690716,0.5249918
7.45,-0.5235988,-0.06196757,0.5201294
7.46,-0.5235988,-0.05460712,0.5201294
7.47,-0.5235988,-0.04700302,0.5201294
7.48,-0.5235988,-0.039248,0.5201294
7.49,-0.5235988,-0.03114127,0.5249918
7.5,-0.5235988,-0.02294572,0.5201294
7.51,-0.5235988,-0.01466512,0.5249918
7.52,-0.5235988,-0.00629879,0.5249918
7.53,-0.5235988,0.002060989,0.5249918
7.54,-0.5235988,0.01052282,0.5249918
7.55,-0.5235988,0.01879786,0.5249918
7.56,-0.5235988,0.02683735,0.5249918
7.57,-0.5235988,0.03479089,0.5249918
7.58,-0.5235988,0.04241344,0.5249918
7.59,-0.5235988,0.04980919,0.5249918
7.6,-0.5235988,0.0568617,0.5249918
7.61,-0.5235988,0.06350632,0.5249918
7.62,-0.5235988,0.06976144,0.5249918
7.63,-0.5235988,0.07558251,0.5249918
7.64,-0.5235988,0.08107593,0.5249918
7.65,-0.5235988,0.0857769,0.5249918
7.66,-0.5235988,0.09006443,0.5249918
7.67,-0.5235988,0.09383236,0.5249918
7.68,-0.5235988,0.09708674,0.5298541
7.69,-0.5235988,0.09973304,0.5249918
7.7,-0.5235988,0.1016943,0.5249918
7.71,-0.5235988,0.1030718,0.5249918
7.72,-0.5235988,0.1039114,0.5249918
7.73,-0.5235988,0.1040938,0.5249918
7.74,-0.5235988,0.1037018,0.5249918
7.75,-0.5235988,0.1027133,0.5249918
7.76,-0.5235988,0.1010414,0.5249918
7.77,-0.5235988,0.09886207,0.5201294
7.78,-0.5235988,0.09608102,0.5249918
7.79,-0.5235988,0.09284221,0.5249918
7.8,-0.5235988,0.0889958,0.5249918
7.81,-0.5235988,0.084715,0.5249918
7.82,-0.5235988,0.07986638,0.5249918
7.83,-0.5235988,0.07464456,0.5249918
7.84,-0.5235988,0.06907105,0.5249918
7.85,-0.5235988,0.06311225,0.5249918
7.86,-0.5235988,0.05689684,0.5249918
7.87,-0.5235988,0.0504375,0.5201294
7.88,-0.5235988,0.043543,0.5249918
7.89,-0.5235988,0.0364766,0.5249918
7.9,-0.5235988,0.02933588,0.5249918
7.91,-0.5235988,0.02188644,0.5249918
7.92,-0.5235988,0.01437542,0.5249918
7.93,-0.5235988,0.006915757,0.5201294
7.94,-0.5235988,-0.0005990817,0.5249918
7.95,-0.5235988,-0.008176176,0.5249918
7.96,-0.5235988,-0.01558424,0.5201294
7.97,-0.5235988,-0.0228907,0.5249918
7.98,-0.5235988,-0.02994426,0.5249918
7.99,-0.5235988,-0.03681081,0.5249918
8,-0.5235988,-0.04346881,0.5201294
8.01,-0.5235988,-0.04982984,0.5249918
8.02,-0.5235988,-0.05590508,0.5249918
8.03,-0.5235988,-0.06165325,0.5249918
8.04,-0.5235988,-0.06690823,0.5201294
8.05,-0.5235988,-0.07170453,0.5249918
8.06,-0.5235988,-0.0761184,0.5249918
8.07,-0.5235988,-0.08003949,0.5249918
8.08,-0.5235988,-0.08339228,0.5201294
8.09,-0.5235988,-0.08640483,0.5249918
8.1,-0.5235988,-0.08882244,0.5201294
8.11,-0.5235988,-0.09074088,0.5249918
8.12,-0.5235988,-0.09214521,0.5249918
8.13,-0.5235988,-0.09289852,0.5201294
8.14,-0.5235988,-0.09312844,0.5201294
8.15,-0.5235988,-0.09289165,0.5249918
8.16,-0.5235988,-0.09203823,0.5249918
8.17,-0.5235988,-0.09065447,0.5249918
8.18,-0.5235988,-0.08883239,0.5249918
8.19,-0.5235988,-0.08645561,0.5249918
8.2,-0.5235988,-0.08355642,0.5201294
8.21,-0.5235988,-0.0801934,0.5249918
8.22,-0.5235988,-0.07646928,0.5249918
8.23,-0.5235988,-0.07233129,0.5249918
8.24,-0.5235988,-0.06771754,0.5249918
8.25,-0.5235988,-0.06270774,0.5201294
8.26,-0.5235988,-0.05739628,0.5249918
8.27,-0.5235988,-0.05189656,0.5249918
8.28,-0.5235988,-0.04605704,0.5201294
8.29,-0.5235988,-0.04002709,0.5249918
8.3,-0.5235988,-0.03366968,0.5249918
8.31,-0.5235988,-0.02711027,0.5249918
8.32,-0.5235988,-0.02044419,0.5249918
8.33,-0.5235988,-0.01373377,0.5249918
8.34,-0.5235988,-0.007038321,0.5249918
8.35,-0.5235988,-0.0002727698,0.5249918
8.36,-0.5235988,0.006491072,0.5249918
8.37,-0.5235988,0.01310954,0.5249918
8.38,-0.5235988,0.0196877,0.5249918
8.39,-0.5235988,0.02600672,0.5249918
8.4,-0.5235988,0.03213986,0.5249918
8.41,-0.5235988,0.03804957,0.5249918
8.42,-0.5235988,0.0438025,0.5249918
8.43,-0.5235988,0.04922162,0.5249918
8.44,-0.5235988,0.05437117,0.5201294
8.45,-0.5235988,0.05900232,0.5249918
8.46,-0.5235988,0.06334638,0.5249918
8.47,-0.5235988,0.06728502,0.5249918
8.48,-0.5235988,0.0709237,0.5249918
8.49,-0.5235988,0.0741506,0.5201294
8.5,-0.5235988,0.07674909,0.5249918
8.51,-0.5235988,0.07883348,0.5249918
8.52,-0.5235988,0.08060586,0.5249918
8.53,-0.5235988,0.08178695,0.5201294
8.54,-0.5235988,0.082555,0.5249918
8.55,-0.5235988,0.08277567,0.5249918
8.56,-0.5235988,0.08256615,0.5249918
8.57,-0.5235988,0.08180899,0.5249918
8.58,-0.5235988,0.08062159,0.5249918
8.59,-0.5235988,0.0789551,0.5249918
8.6,-0.5235988,0.07679037,0.5249918
8.61,-0.5235988,0.07430323,0.5249918
8.62,-0.5235988,0.07114857,0.5249918
8.63,-0.5235988,0.06783778,0.5201294
8.64,-0.5235988,0.06418066,0.5201294
8.65,-0.5235988,0.06019466,0.5249918
8.66,-0.5235988,0.0558232,0.5249918
8.67,-0.5235988,0.05115181,0.5249918
8.68,-0.5235988,0.04623219,0.5201294
8.69,-0.5235988,0.04110337,0.5249918
8.7,-0.5235988,0.0358067,0.5249918
8.71,-0.5235988,0.03032669,0.5249918
8.72,-0.5235988,0.02472067,0.5249918
8.73,-0.5235988,0.01890337,0.5201294
8.74,-0.5235988,0.01308281,0.5249918
8.75,-0.5235988,0.007206155,0.5201294
8.76,-0.5235988,0.001199441,0.5249918
8.77,-0.5235988,-0.004716732,0.5201294
8.78,-0.5235988,-0.0107249,0.5249918
8.79,-0.5235988,-0.01655477,0.5249918
8.8,-0.5235988,-0.02218386,0.5249918
8.81,-0.5235988,-0.02770934,0.5249918
8.82,-0.5235988,-0.03306491,0.5249918
8.83,-0.5235988,-0.03816243,0.5249918
8.84,-0.5235988,-0.04297333,0.5249918
8.85,-0.5235988,-0.04752746,0.5249918
8.86,-0.5235988,-0.05172881,0.5249918
8.87,-0.5235988,-0.05562268,0.5249918
8.88,-0.5235988,-0.0591756,0.5249918
8.89,-0.5235988,-0.06226994,0.5249918
8.9,-0.5235988,-0.06495661,0.5249918
8.91,-0.5235988,-0.0672736,0.5249918
8.92,-0.5235988,-0.0692049,0.5249918
8.93,-0.5235988,-0.07068351,0.5249918
8.94,-0.5235988,-0.0717716,0.5249918
8.95,-0.5235988,-0.07251057,0.5249918
8.96,-0.5235988,-0.07266641,0.5249918
8.97,-0.5235988,-0.07249812,0.5249918
8.98,-0.5235988,-0.07188565,0.5249918
8.99,-0.5235988,-0.07086819,0.5249918
9,-0.5235988,-0.06964764,0.5249918
9.01,-0.5235988,-0.06778974,0.5249918
9.02,-0.5235988,-0.06561781,0.5249918
9.03,-0.5235988,-0.06304391,0.5249918
9.04,-0.5235988,-0.06016332,0.5249918
9.05,-0.5235988,-0.05688414,0.5249918
9.06,-0.5235988,-0.05322673,0.5249918
9.07,-0.5235988,-0.04938722,0.5249918
9.08,-0.5235988,-0.04528189,0.5249918
9.09,-0.5235988,-0.04092081,0.5249918
9.1,-0.5235988,-0.03637795,0.5249918
9.11,-0.5235988,-0.03164584,0.5249918
9.12,-0.5235988,-0.02678237,0.5249918
9.13,-0.5235988,-0.02178633,0.5249918
9.14,-0.5235988,-0.016636,0.5249918
9.15,-0.5235988,-0.01146338,0.5249918
9.16,-0.5235988,-0.006239075,0.5249918
9.17,-0.5235988,-0.0009883658,0.5249918
9.18,-0.5235988,0.00410825,0.5249918
9.19,-0.5235988,0.009106248,0.5249918
9.2,-0.5235988,0.01418749,0.5249918
9.21,-0.5235988,0.01908986,0.5249918
9.22,-0.5235988,0.02389281,0.5249918
9.23,-0.5235988,0.02835458,0.5298541
9.24,-0.5235988,0.03280409,0.5249918
9.25,-0.5235988,0.03697101,0.5249918
9.26,-0.5235988,0.04089146,0.5249918
9.27,-0.5235988,0.04446176,0.5249918
9.28,-0.5235988,0.04789412,0.5201294
9.29,-0.5235988,0.05094831,0.5249918
9.3,-0.5235988,0.05378251,0.5201294
9.31,-0.5235988,0.05617892,0.5249918
9.32,-0.5235988,0.05816473,0.5249918
9.33,-0.5235988,0.05979292,0.5249918
9.34,-0.5235988,0.06108242,0.5201294
9.35,-0.5235988,0.06196788,0.5249918
9.36,-0.5235988,0.06235443,0.5249918
9.37,-0.5235988,0.06243493,0.5249918
9.38,-0.5235988,0.0623133,0.5249918
9.39,-0.5235988,0.06168806,0.5201294
9.4,-0.5235988,0.06078154,0.5249918
9.41,-0.5235988,0.05963497,0.5249918
9.42,-0.5235988,0.05793893,0.5249918
9.43,-0.5235988,0.05596675,0.5249918
9.44,-0.5235988,0.05367078,0.5249918
9.45,-0.5235988,0.05113597,0.5249918
9.46,-0.5235988,0.04838007,0.5249918
9.47,-0.5235988,0.04538411,0.5249918
9.48,-0.5235988,0.04210863,0.5249918
9.49,-0.5235988,0.03857408,0.5249918
9.5,-0.5235988,0.0348785,0.5249918
9.51,-0.5235988,0.03094766,0.5249918
9.52,-0.5235988,0.02697721,0.5249918
9.53,-0.5235988,0.02279931,0.5249918
9.54,-0.5235988,0.01846453,0.5249918
9.55,-0.5235988,0.01403859,0.5249918
9.56,-0.5235988,0.009618152,0.5249918
9.57,-0.5235988,0.005156799,0.5249918
9.58,-0.5235988,0.0006685382,0.5249918
9.59,-0.5235988,-0.003752318,0.5249918
9.6,-0.5235988,-0.008103549,0.5249918
9.61,-0.5235988,-0.0123721,0.5249918
9.62,-0.5235988,-0.01662629,0.5249918
9.63,-0.5235988,-0.02069895,0.5249918
9.64,-0.5235988,-0.02472594,0.5201294
9.65,-0.5235988,-0.02844771,0.5249918
9.66,-0.5235988,-0.0319222,0.5249918
9.67,-0.5235988,-0.03532355,0.5249918
9.68,-0.5235988,-0.03844753,0.5249918
9.69,-0.5235988,-0.04129503,0.5249918
9.7,-0.5235988,-0.04388149,0.5249918
9.71,-0.5235988,-0.04610527,0.5249918
9.72,-0.5235988,-0.04813734,0.5249918
9.73,-0.5235988,-0.04979545,0.5249918
9.74,-0.5235988,-0.0512788,0.5201294
9.75,-0.5235988,-0.05233574,0.5249918
9.76,-0.5235988,-0.05306209,0.5249918
9.77,-0.5235988,-0.053537,0.5249918
9.78,-0.5235988,-0.0536699,0.5249918
9.79,-0.5235988,-0.05352997,0.5249918
9.8,-0.5235988,-0.05298109,0.5249918
9.81,-0.5235988,-0.05215134,0.5298541
9.82,-0.5235988,-0.05115911,0.5249918
9.83,-0.5235988,-0.04977828,0.5249918
9.84,-0.5235988,-0.04817102,0.5249918
9.85,-0.5235988,-0.04628928,0.5249918
9.86,-0.5235988,-0.04416887,0.5249918
9.87,-0.5235988,-0.0417897,0.5249918
9.88,-0.5235988,-0.03915302,0.5249918
9.89,-0.5235988,-0.03639509,0.5249918
9.9,-0.5235988,-0.03339611,0.5249918
9.91,-0.5235988,-0.03026657,0.5249918
9.92,-0.5235988,-0.02690075,0.5249918
9.93,-0.5235988,-0.02344859,0.5249918
9.94,-0.5235988,-0.019945,0.5249918
9.95,-0.5235988,-0.01635067,0.5249918
9.96,-0.5235988,-0.01266683,0.5249918
9.97,-0.5235988,-0.008996181,0.5249918
9.98,-0.5235988,-0.005129168,0.5249918
9.99,-0.5235988,-0.001447809,0.5249918
10,-0.5235988,0.002339022,0.5249918
10.01,-0.5235988,0.005956187,0.5249918
10.02,-0.5235988,0.009578871,0.5249918
10.03,-0.5235988,0.01313272,0.5249918
10.04,-0.5235988,0.01649829,0.5249918
10.05,-0.5235988,0.01978295,0.5249918
10.06,-0.5235988,0.02284618,0.5249918
10.07,-0.5235988,0.02582578,0.5249918
10.08,-0.5235988,0.0285526,0.5249918
10.09,-0.5235988,0.03115976,0.5249918
10.1,-0.5235988,0.03351607,0.5249918
10.11,-0.5235988,0.03558057,0.5249918
10.12,-0.5235988,0.03745294,0.5249918
10.13,-0.5235988,0.03913034,0.5249918
10.14,-0.5235988,0.04056009,0.5249918
10.15,-0.5235988,0.04181811,0.5249918
10.16,-0.5235988,0.04281315,0.5249918
10.17,-0.5235988,0.04340924,0.5249918
10.18,-0.5235988,0.04368312,0.5249918
10.19,-0.5235988,0.04370678,0.5249918
10.2,-0.5235988,0.04354936,0.5249918
10.21,-0.5235988,0.04315171,0.5249918
10.22,-0.5235988,0.0425371,0.5249918
10.23,-0.5235988,0.04161623,0.5249918
10.24,-0.5235988,0.04038196,0.5298541
10.25,-0.5235988,0.03895767,0.5249918
10.26,-0.5235988,0.03738525,0.5249918
10.27,-0.5235988,0.03554301,0.5201294
10.28,-0.5235988,0.03356703,0.5249918
10.29,-0.5235988,0.0314661,0.5249918
10.3,-0.5235988,0.02911082,0.5249918
10.31,-0.5235988,0.02659552,0.5249918
10.32,-0.5235988,0.02408637,0.5249918
10.33,-0.5235988,0.0212387,0.5249918
10.34,-0.5235988,0.01832792,0.5249918
10.35,-0.5235988,0.01544261,0.5249918
10.36,-0.5235988,0.012462,0.5249918
10.37,-0.5235988,0.009415241,0.5249918
10.38,-0.5235988,0.006303358,0.5249918
10.39,-0.5235988,0.003169973,0.5201294
10.4,-0.5235988,0.000120029,0.5201294
10.41,-0.5235988,-0.002964602,0.5249918
10.42,-0.5235988,-0.005979037,0.5249918
10.43,-0.5235988,-0.008878553,0.5249918
10.44,-0.5235988,-0.01171728,0.5249918
10.45,-0.5235988,-0.0144543,0.5249918
10.46,-0.5235988,-0.01705425,0.5249918
10.47,-0.5235988,-0.01958573,0.5249918
10.48,-0.5235988,-0.02208737,0.5249918
10.49,-0.5235988,-0.02430786,0.5249918
10.5,-0.5235988,-0.02633137,0.5201294
10.51,-0.5235988,-0.02820127,0.5249918
10.52,-0.5235988,-0.02988455,0.5249918
10.53,-0.5235988,-0.03135331,0.5201294
10.54,-0.5235988,-0.03264708,0.5249918
10.55,-0.5235988,-0.03376846,0.5249918
10.56,-0.5235988,-0.03460523,0.5201294
10.57,-0.5235988,-0.03529501,0.5249918
10.58,-0.5235988,-0.03566748,0.5201294
10.59,-0.5235988,-0.03584069,0.5249918
10.6,-0.5235988,-0.03580322,0.5249918
10.61,-0.5235988,-0.0355185,0.5249918
10.62,-0.5235988,-0.03507572,0.5249918
10.63,-0.5235988,-0.03440528,0.5249918
10.64,-0.5235988,-0.03363119,0.5249918
10.65,-0.5235988,-0.0326059,0.5249918
10.66,-0.5235988,-0.03138319,0.5249918
10.67,-0.5235988,-0.02998059,0.5249918
10.68,-0.5235988,-0.02851772,0.5249918
10.69,-0.5235988,-0.02686287,0.5249918
10.7,-0.5235988,-0.0252708,0.5249918
10.71,-0.5235988,-0.023339,0.5249918
10.72,-0.5235988,-0.0213657,0.5249918
10.73,-0.5235988,-0.01920484,0.5249918
10.74,-0.5235988,-0.017027,0.5298541
10.75,-0.5235988,-0.01477498,0.5249918
10.76,-0.5235988,-0.01245094,0.5249918
10.77,-0.5235988,-0.01009833,0.5249918
10.78,-0.5235988,-0.007667675,0.5249918
10.79,-0.5235988,-0.005287882,0.5249918
10.8,-0.5235988,-0.002807084,0.5249918
10.81,-0.5235988,-0.0003681942,0.5249918
10.82,-0.5235988,0.002162965,0.5249918
10.83,-0.5235988,0.004535429,0.5249918
10.84,-0.5235988,0.006866768,0.5249918
10.85,-0.5235988,0.009170868,0.5298541
10.86,-0.5235988,0.01131379,0.5249918
10.87,-0.5235988,0.01343714,0.5249918
10.88,-0.5235988,0.01540642,0.5249918
10.89,-0.5235988,0.01728113,0.5249918
10.9,-0.5235988,0.01896982,0.5249918
10.91,-0.5235988,0.02044621,0.5249918
10.92,-0.5235988,0.0219237,0.5249918
10.93,-0.5235988,0.02313939,0.5249918
10.94,-0.5235988,0.02424198,0.5249918
10.95,-0.5235988,0.02521458,0.5249918
10.96,-0.5235988,0.02594129,0.5249918
10.97,-0.5235988,0.02661161,0.5249918
10.98,-0.5235988,0.0270411,0.5249918
10.99,-0.5235988,0.027182,0.5249918
11,-0.5235988,0.02729035,0.5249918
11.01,-0.5235988,0.02722794,0.5249918
11.02,-0.5235988,0.02696196,0.5249918
11.03,-0.5235988,0.02666024,0.5298541
11.04,-0.5235988,0.02611977,0.5249918
11.05,-0.5235988,0.02539349,0.5249918
11.06,-0.5235988,0.02459704,0.5201294
11.07,-0.5235988,0.02359292,0.5249918
11.08,-0.5235988,0.02250111,0.5201294
11.09,-0.5235988,0.02127432,0.5249918
11.1,-0.5235988,0.01998332,0.5249918
11.11,-0.5235988,0.01865891,0.5249918
11.12,-0.5235988,0.01716511,0.5249918
11.13,-0.5235988,0.01558743,0.5249918
11.14,-0.5235988,0.01391521,0.5249918
11.15,-0.5235988,0.0121429,0.5249918
11.16,-0.5235988,0.01045877,0.5249918
11.17,-0.5235988,0.008633326,0.5249918
11.18,-0.5235988,0.00682951,0.5249918
11.19,-0.5235988,0.005009968,0.5249918
11.2,-0.5235988,0.0032181,0.5249918
11.21,-0.5235988,0.001413442,0.5249918
11.22,-0.5235988,-0.0003252245,0.5249918
11.23,-0.5235988,-0.002102045,0.5249918
11.24,-0.5235988,-0.003867003,0.5249918
11.25,-0.5235988,-0.005614762,0.5249918
11.26,-0.5235988,-0.00726079,0.5249918
11.27,-0.5235988,-0.008775713,0.5249918
11.28,-0.5235988,-0.01028684,0.5249918
11.29,-0.5235988,-0.01170041,0.5249918
11.3,-0.5235988,-0.01298668,0.5249918
11.31,-0.5235988,-0.01410924,0.5298541
11.32,-0.5235988,-0.01531532,0.5249918
11.33,-0.5235988,-0.01632758,0.5249918
11.34,-0.5235988,-0.0172241,0.5249918
11.35,-0.5235988,-0.01789355,0.5201294
11.36,-0.5235988,-0.0184566,0.5249918
11.37,-0.5235988,-0.0189447,0.5249918
11.38,-0.5235988,-0.01935093,0.5249918
11.39,-0.5235988,-0.01946505,0.5249918
11.4,-0.5235988,-0.01953373,0.5249918
11.41,-0.5235988,-0.01942397,0.5249918
11.42,-0.5235988,-0.01939044,0.5249918
11.43,-0.5235988,-0.01911355,0.5249918
11.44,-0.5235988,-0.01867033,0.5249918
11.45,-0.5235988,-0.01818292,0.5249918
11.46,-0.5235988,-0.01765972,0.5249918
11.47,-0.5235988,-0.01701677,0.5201294
11.48,-0.5235988,-0.01626247,0.5249918
11.49,-0.5235988,-0.01540359,0.5249918
11.5,-0.5235988,-0.01452892,0.5249918
11.51,-0.5235988,-0.0136181,0.5249918
11.52,-0.5235988,-0.01260599,0.5249918
11.53,-0.5235988,-0.01162603,0.5249918
11.54,-0.5235988,-0.01051288,0.5249918
11.55,-0.5235988,-0.009432303,0.5249918
11.56,-0.5235988,-0.008209181,0.5249918
11.57,-0.5235988,-0.007005195,0.5249918
11.58,-0.5235988,-0.005741308,0.5249918
11.59,-0.5235988,-0.004503048,0.5249918
11.6,-0.5235988,-0.003390006,0.5201294
11.61,-0.5235988,-0.002186951,0.5249918
11.62,-0.5235988,-0.0008838823,0.5249918
11.63,-0.5235988,0.0002942721,0.5249918
11.64,-0.5235988,0.001477893,0.5249918
11.65,-0.5235988,0.002656619,0.5249918
11.66,-0.5235988,0.003722892,0.5249918
11.67,-0.5235988,0.004838998,0.5249918
11.68,-0.5235988,0.005913753,0.5249918
11.69,-0.5235988,0.006698888,0.5249918
11.7,-0.5235988,0.0075812,0.5249918
11.71,-0.5235988,0.00841092,0.5249918
11.72,-0.5235988,0.009050373,0.5249918
11.73,-0.5235988,0.009633271,0.5249918
11.74,-0.5235988,0.01017193,0.5249918
11.75,-0.5235988,0.01071331,0.5249918
11.76,-0.5235988,0.01109856,0.5249918
11.77,-0.5235988,0.01132397,0.5249918
11.78,-0.5235988,0.01154704,0.5249918
11.79,-0.5235988,0.01170819,0.5249918
11.8,-0.5235988,0.01168234,0.5249918
11.81,-0.5235988,0.01155392,0.5249918
11.82,-0.5235988,0.01148499,0.5249918
11.83,-0.5235988,0.01127097,0.5249918
11.84,-0.5235988,0.01103193,0.5249918
11.85,-0.5235988,0.01072328,0.5249918
11.86,-0.5235988,0.0102309,0.5249918
11.87,-0.5235988,0.009808873,0.5249918
11.88,-0.5235988,0.009344232,0.5249918
11.89,-0.5235988,0.008889833,0.5201294
11.9,-0.5235988,0.008346243,0.5249918
11.91,-0.5235988,0.007754236,0.5249918
11.92,-0.5235988,0.007158182,0.5249918
11.93,-0.5235988,0.006466916,0.5249918
11.94,-0.5235988,0.005704013,0.5249918
11.95,-0.5235988,0.005062846,0.5249918
11.96,-0.5235988,0.00444373,0.5249918
11.97,-0.5235988,0.00376243,0.5298541
11.98,-0.5235988,0.003173294,0.5249918
11.99,-0.5235988,0.002400334,0.5249918
12,-0.5235988,0.001736104,0.5249918
12.01,-0.5235988,0.001118403,0.5249918
12.02,-0.5235988,0.0004168482,0.5249918
12.03,-0.5235988,-0.0003246753,0.5249918
12.04,-0.5235988,-0.001042752,0.5249918
12.05,-0.5235988,-0.001710959,0.5249918
12.06,-0.5235988,-0.002253611,0.5249918
12.07,-0.5235988,-0.002787283,0.5249918
12.08,-0.5235988,-0.00333768,0.5249918
12.09,-0.5235988,-0.00388202,0.5249918
12.1,-0.5235988,-0.004336257,0.5249918
12.11,-0.5235988,-0.004705199,0.5249918
12.12,-0.5235988,-0.00505493,0.5249918
12.13,-0.5235988,-0.005404925,0.5201294
12.14,-0.5235988,-0.00560155,0.5249918
12.15,-0.5235988,-0.005812682,0.5249918
12.16,-0.5235988,-0.005897124,0.5249918
12.17,-0.5235988,-0.005924737,0.5249918
12.18,-0.5235988,-0.005976576,0.5249918
12.19,-0.5235988,-0.006017519,0.5249918
12.2,-0.5235988,-0.005977952,0.5249918
12.21,-0.5235988,-0.005939587,0.5201294
12.22,-0.5235988,-0.005774735,0.5201294
12.23,-0.5235988,-0.005595719,0.5249918
12.24,-0.5235988,-0.005374948,0.5249918
12.25,-0.5235988,-0.005247583,0.5249918
12.26,-0.5235988,-0.005001239,0.5201294
12.27,-0.5235988,-0.004775444,0.5249918
12.28,-0.5235988,-0.004505253,0.5249918
12.29,-0.5235988,-0.004236708,0.5201294
12.3,-0.5235988,-0.00401905,0.5249918
12.31,-0.5235988,-0.003733688,0.5201294
12.32,-0.5235988,-0.003476737,0.5249918
12.33,-0.5235988,-0.003142865,0.5249918
12.34,-0.5235988,-0.002758238,0.5249918
12.35,-0.5235988,-0.002349408,0.5249918
12.36,-0.5235988,-0.002016339,0.5249918
12.37,-0.5235988,-0.001676617,0.5249918
12.38,-0.5235988,-0.001278496,0.5298541
12.39,-0.5235988,-0.001010148,0.5249918
12.4,-0.5235988,-0.0007000844,0.5249918
12.41,-0.5235988,-0.000409903,0.5249918
12.42,-0.5235988,-0.0001295037,0.5201294
12.43,-0.5235988,3.831997e-05,0.5249918
12.44,-0.5235988,0.000292914,0.5249918
12.45,-0.5235988,0.0005280495,0.5249918
12.46,-0.5235988,0.0007721222,0.5249918
12.47,-0.5235988,0.0008981025,0.5298541
12.48,-0.5235988,0.001079921,0.5249918
12.49,-0.5235988,0.001219046,0.5249918
12.5,-0.5235988,0.00126503,0.5249918
12.51,-0.5235988,0.001382697,0.5249918
12.52,-0.5235988,0.001429506,0.5249918
12.53,-0.5235988,0.001512545,0.5249918
12.54,-0.5235988,0.001554129,0.5249918
12.55,-0.5235988,0.001582074,0.5249918
12.56,-0.5235988,0.001475536,0.5249918
12.57,-0.5235988,0.00148405,0.5249918
12.58,-0.5235988,0.001355038,0.5249918
12.59,-0.5235988,0.001238147,0.5249918
12.6,-0.5235988,0.001127398,0.5201294
12.61,-0.5235988,0.001023732,0.5298541
12.62,-0.5235988,0.0009365967,0.5249918
12.63,-0.5235988,0.0008334063,0.5249918
12.64,-0.5235988,0.0009009268,0.5249918
12.65,-0.5235988,0.0008484878,0.5201294
12.66,-0.5235988,0.0008163706,0.5249918
12.67,-0.5235988,0.0007463031,0.5249918
12.68,-0.5235988,0.000769576,0.5249918
12.69,-0.5235988,0.0006709105,0.5249918
12.7,-0.5235988,0.0005880753,0.5249918
12.71,-0.5235988,0.0006044393,0.5249918
12.72,-0.5235988,0.0005008868,0.5249918
12.73,-0.5235988,0.0004311057,0.5249918
12.74,-0.5235988,0.0004702502,0.5249918
12.75,-0.5235988,0.0004912622,0.5249918
12.76,-0.5235988,0.0004294364,0.5298541
12.77,-0.5235988,0.0003497231,0.5249918
12.78,-0.5235988,0.0004263794,0.5249918
12.79,-0.5235988,0.0004591492,0.5249918
12.8,-0.5235988,0.0005130895,0.5249918
12.81,-0.5235988,0.0005094907,0.5249918
12.82,-0.5235988,0.0005003033,0.5249918
12.83,-0.5235988,0.0004531665,0.5249918
12.84,-0.5235988,0.0003852135,0.5249918
12.85,-0.5235988,0.0003792557,0.5249918
12.86,-0.5235988,0.0002887567,0.5249918
12.87,-0.5235988,0.0002805008,0.5249918
12.88,-0.5235988,0.0002616753,0.5249918
12.89,-0.5235988,0.0003157864,0.5201294
12.9,-0.5235988,0.0003828602,0.5249918
12.91,-0.5235988,0.0004857591,0.5298541
12.92,-0.5235988,0.0004917565,0.5249918
12.93,-0.5235988,0.0004944655,0.5249918
12.94,-0.5235988,0.0006617295,0.5249918
12.95,-0.5235988,0.0006835877,0.5249918
12.96,-0.5235988,0.0007136345,0.5249918
12.97,-0.5235988,0.0007231968,0.5201294
12.98,-0.5235988,0.0007579603,0.5249918
12.99,-0.5235988,0.0008597472,0.5249918
13,-0.5235988,0.0008266075,0.5249918
13.01,-0.5235988,0.0008545449,0.5249918
13.02,-0.5235988,0.0007521969,0.5249918
13.03,-0.5235988,0.0008071582,0.5249918
13.04,-0.5235988,0.000853286,0.5249918
13.05,-0.5235988,0.0008312181,0.5249918
13.06,-0.5235988,0.000834637,0.5249918
13.07,-0.5235988,0.0008597488,0.5249918
13.08,-0.5235988,0.0008757975,0.5249918
13.09,-0.5235988,0.0008727565,0.5249918
13.1,-0.5235988,0.0007997893,0.5249918
13.11,-0.5235988,0.0007596062,0.5249918
13.12,-0.5235988,0.0008321576,0.5249918
13.13,-0.5235988,0.000887459,0.5201294
13.14,-0.5235988,0.0008230047,0.5249918
13.15,-0.5235988,0.0008235746,0.5249918
13.16,-0.5235988,0.0008303595,0.5249918
13.17,-0.5235988,0.000864578,0.5249918
13.18,-0.5235988,0.0008478532,0.5249918
13.19,-0.5235988,0.0009003421,0.5249918
13.2,-0.5235988,0.0008665161,0.5249918
13.21,-0.5235988,0.0008414715,0.5249918
13.22,-0.5235988,0.0008688885,0.5249918
13.23,-0.5235988,0.0009179186,0.5249918
13.24,-0.5235988,0.0009402851,0.5249918
13.25,-0.5235988,0.0009187141,0.5249918
13.26,-0.5235988,0.0008123457,0.5249918
13.27,-0.5235988,0.0008298265,0.5298541
13.28,-0.5235988,0.0009077979,0.5249918
13.29,-0.5235988,0.0008753337,0.5249918
13.3,-0.5235988,0.00094126,0.5249918
13.31,-0.5235988,0.001005948,0.5249918
13.32,-0.5235988,0.00107558,0.5249918
13.33,-0.5235988,0.001123672,0.5249918
13.34,-0.5235988,0.001159523,0.5249918
13.35,-0.5235988,0.001116865,0.5249918
13.36,-0.5235988,0.001086365,0.5249918
13.37,-0.5235988,0.001159225,0.5249918
13.38,-0.5235988,0.001111962,0.5249918
13.39,-0.5235988,0.001170035,0.5249918
13.4,-0.5235988,0.001099699,0.5249918
13.41,-0.5235988,0.0009879598,0.5249918
13.42,-0.5235988,0.0009834985,0.5249918
13.43,-0.5235988,0.0009787304,0.5249918
13.44,-0.5235988,0.0009993339,0.5249918
13.45,-0.5235988,0.001016772,0.5249918
13.46,-0.5235988,0.0008651912,0.5249918
13.47,-0.5235988,0.0008897313,0.5249918
13.48,-0.5235988,0.0008773826,0.5249918
13.49,-0.5235988,0.0008628389,0.5249918
13.5,-0.5235988,0.0009621397,0.5249918
13.51,-0.5235988,0.001030972,0.5249918
13.52,-0.5235988,0.000987023,0.5249918
13.53,-0.5235988,0.0009268821,0.5249918
13.54,-0.5235988,0.0008861235,0.5249918
13.55,-0.5235988,0.0009290762,0.5249918
13.56,-0.5235988,0.0009662336,0.5249918
13.57,-0.5235988,0.0009822404,0.5249918
13.58,-0.5235988,0.0009671648,0.5249918
13.59,-0.5235988,0.0008681635,0.5249918
13.6,-0.5235988,0.0008647662,0.5249918
13.61,-0.5235988,0.0008449301,0.5249918
13.62,-0.5235988,0.0008205186,0.5249918
13.63,-0.5235988,0.0009096013,0.5249918
13.64,-0.5235988,0.0008278952,0.5249918
13.65,-0.5235988,0.0007875072,0.5249918
13.66,-0.5235988,0.0008416214,0.5249918
13.67,-0.5235988,0.0009561768,0.5201294
13.68,-0.5235988,0.00105205,0.5249918
13.69,-0.5235988,0.001051398,0.5249918
13.7,-0.5235988,0.001128201,0.5249918
13.71,-0.5235988,0.00115024,0.5201294
13.72,-0.5235988,0.001144198,0.5249918
13.73,-0.5235988,0.001022655,0.5249918
13.74,-0.5235988,0.001001227,0.5249918
13.75,-0.5235988,0.001075857,0.5249918
13.76,-0.5235988,0.001000654,0.5249918
13.77,-0.5235988,0.001079532,0.5249918
13.78,-0.5235988,0.00105894,0.5249918
13.79,-0.5235988,0.001094092,0.5249918
13.8,-0.5235988,0.001070505,0.5249918
13.81,-0.5235988,0.001158301,0.5298541
13.82,-0.5235988,0.001111057,0.5249918
13.83,-0.5235988,0.001097889,0.5249918
13.84,-0.5235988,0.001157164,0.5249918
13.85,-0.5235988,0.001208879,0.5249918
13.86,-0.5235988,0.001183891,0.5249918
13.87,-0.5235988,0.001176644,0.5249918
13.88,-0.5235988,0.001141323,0.5249918
13.89,-0.5235988,0.001073918,0.5249918
13.9,-0.5235988,0.00111672,0.5249918
13.91,-0.5235988,0.00117551,0.5201294
13.92,-0.5235988,0.001136008,0.5249918
13.93,-0.5235988,0.001102858,0.5249918
13.94,-0.5235988,0.001026165,0.5298541
13.95,-0.5235988,0.001045334,0.5249918
13.96,-0.5235988,0.001066981,0.5249918
13.97,-0.5235988,0.001128988,0.5249918
13.98,-0.5235988,0.001175671,0.5249918
13.99,-0.5235988,0.001163109,0.5249918
14,-0.5235988,0.00111729,0.5249918
14.01,-0.5235988,0.00109454,0.5201294
14.02,-0.5235988,0.001145572,0.5249918
14.03,-0.5235988,0.001160769,0.5249918
14.04,-0.5235988,0.001099518,0.5249918
14.05,-0.5235988,0.0009844763,0.5249918
14.06,-0.5235988,0.001049426,0.5249918
14.07,-0.5235988,0.00104673,0.5249918
14.08,-0.5235988,0.0010577,0.5249918
14.09,-0.5235988,0.001059549,0.5249918
14.1,-0.5235988,0.001086484,0.5249918
14.11,-0.5235988,0.001178549,0.5249918
14.12,-0.5235988,0.001217905,0.5249918
14.13,-0.5235988,0.001226349,0.5249918
14.14,-0.5235988,0.001168164,0.5249918
14.15,-0.5235988,0.001039843,0.5249918
14.16,-0.5235988,0.001117054,0.5249918
14.17,-0.5235988,0.001197032,0.5249918
14.18,-0.5235988,0.001178699,0.5201294
14.19,-0.5235988,0.001237473,0.5249918
14.2,-0.5235988,0.001297652,0.5249918
14.21,-0.5235988,0.001485536,0.5249918
14.22,-0.5235988,0.001471855,0.5249918
14.23,-0.5235988,0.001439523,0.5201294
14.24,-0.5235988,0.00150659,0.5249918
14.25,-0.5235988,0.001487077,0.5249918
14.26,-0.5235988,0.00150703,0.5201294
14.27,-0.5235988,0.001523935,0.5249918
14.28,-0.5235988,0.001515345,0.5201294
14.29,-0.5235988,0.00154557,0.5249918
14.3,-0.5235988,0.001555059,0.5249918
14.31,-0.5235988,0.001448433,0.5249918
14.32,-0.5235988,0.001322401,0.5249918
14.33,-0.5235988,0.001371294,0.5201294
14.34,-0.5235988,0.001399967,0.5249918
14.35,-0.5235988,0.001430422,0.5249918
14.36,-0.5235988,0.001503157,0.5201294
14.37,-0.5235988,0.00145015,0.5201294
14.38,-0.5235988,0.001476786,0.5249918
14.39,-0.5235988,0.001430301,0.5249918
14.4,-0.5235988,0.001512861,0.5249918
14.41,-0.5235988,0.001415731,0.5249918
14.42,-0.5235988,0.00136799,0.5201294
14.43,-0.5235988,0.001424505,0.5201294
14.44,-0.5235988,0.001469713,0.5249918
14.45,-0.5235988,0.001478073,0.5249918
14.46,-0.5235988,0.001469809,0.5249918
14.47,-0.5235988,0.001537136,0.5249918
14.48,-0.5235988,0.001384637,0.5249918
14.49,-0.5235988,0.001327439,0.5249918
14.5,-0.5235988,0.001378976,0.5249918
14.51,-0.5235988,0.001259171,0.5249918
14.52,-0.5235988,0.001233181,0.5249918
14.53,-0.5235988,0.001280045,0.5298541
14.54,-0.5235988,0.001248268,0.5249918
14.55,-0.5235988,0.00124693,0.5249918
14.56,-0.5235988,0.0013455,0.5249918
14.57,-0.5235988,0.001297802,0.5249918
14.58,-0.5235988,0.001223602,0.5249918
14.59,-0.5235988,0.001160407,0.5249918
14.6,-0.5235988,0.001175597,0.5249918
14.61,-0.5235988,0.001201266,0.5249918
14.62,-0.5235988,0.00116823,0.5249918
14.63,-0.5235988,0.001238371,0.5249918
14.64,-0.5235988,0.001207334,0.5249918
14.65,-0.5235988,0.001157038,0.5249918
14.66,-0.5235988,0.001214122,0.5298541
14.67,-0.5235988,0.001272528,0.5249918
14.68,-0.5235988,0.001282068,0.5249918
14.69,-0.5235988,0.001337789,0.5249918
14.7,-0.5235988,0.001350465,0.5249918
14.71,-0.5235988,0.00134357,0.5249918
14.72,-0.5235988,0.001317629,0.5249918
14.73,-0.5235988,0.001262433,0.5201294
14.74,-0.5235988,0.001170367,0.5249918
14.75,-0.5235988,0.00114959,0.5249918
14.76,-0.5235988,0.001165178,0.5201294
14.77,-0.5235988,0.001174639,0.5249918
14.78,-0.5235988,0.001123791,0.5249918
14.79,-0.5235988,0.001088443,0.5249918
14.8,-0.5235988,0.001122998,0.5249918
14.81,-0.5235988,0.001136862,0.5249918
14.82,-0.5235988,0.00114303,0.5249918
14.83,-0.5235988,0.001184186,0.5249918
14.84,-0.5235988,0.001155298,0.5249918
14.85,-0.5235988,0.001163279,0.5201294
14.86,-0.5235988,0.001134492,0.5249918
14.87,-0.5235988,0.001134006,0.5249918
14.88,-0.5235988,0.001122128,0.5249918
14.89,-0.5235988,0.001191094,0.5201294
14.9,-0.5235988,0.001279368,0.5249918
14.91,-0.5235988,0.001319062,0.5249918
14.92,-0.5235988,0.001277317,0.5249918
14.93,-0.5235988,0.001277778,0.5201294
14.94,-0.5235988,0.001281817,0.5249918
14.95,-0.5235988,0.001348785,0.5201294
14.96,-0.5235988,0.001348171,0.5249918
14.97,-0.5235988,0.001338171,0.5201294
14.98,-0.5235988,0.001373495,0.5249918
14.99,-0.5235988,0.001384877,0.5249918
15,-0.5235988,0.001357729,0.5249918
15.01,-0.5235988,0.001320521,0.5249918
15.02,-0.5235988,0.001309833,0.5249918
15.03,-0.5235988,0.001290668,0.5249918
15.04,-0.5235988,0.001285527,0.5249918
15.05,-0.5235988,0.001244806,0.5249918
15.06,-0.5235988,0.001254941,0.5249918
15.07,-0.5235988,0.001257031,0.5249918
15.08,-0.5235988,0.001214587,0.5249918
15.09,-0.5235988,0.001153587,0.5249918
15.1,-0.5235988,0.001116777,0.5249918
15.11,-0.5235988,0.001103398,0.5249918
15.12,-0.5235988,0.001194658,0.5249918
15.13,-0.5235988,0.001184659,0.5249918
15.14,-0.5235988,0.001155228,0.5201294
15.15,-0.5235988,0.00107699,0.5249918
15.16,-0.5235988,0.001167388,0.5249918
15.17,-0.5235988,0.00111671,0.5249918
15.18,-0.5235988,0.001092933,0.5249918
15.19,-0.5235988,0.001093662,0.5249918
15.2,-0.5235988,0.001110793,0.5249918
15.21,-0.5235988,0.001130711,0.5249918
15.22,-0.5235988,0.001127848,0.5249918
15.23,-0.5235988,0.00112189,0.5249918
15.24,-0.5235988,0.001173361,0.5249918
15.25,-0.5235988,0.001238272,0.5249918
15.26,-0.5235988,0.00120002,0.5249918
15.27,-0.5235988,0.001112111,0.5249918
15.28,-0.5235988,0.001115429,0.5249918
